room_id,image_url
100,https://images.unsplash.com/photo-1611892440504-42a792e24d32?w=800
100,https://images.unsplash.com/photo-1598928506311-c55ded91a20c?w=800
100,https://images.unsplash.com/photo-1582719478250-c89cae4dc85b?w=800
101,https://images.unsplash.com/photo-1591088398332-8a7791972843?w=800
101,https://images.unsplash.com/photo-1582719478250-c89cae4dc85b?w=800
101,https://images.unsplash.com/photo-1566665797739-1674de7a421a?w=800
102,https://images.unsplash.com/photo-1566665797739-1674de7a421a?w=800
102,https://images.unsplash.com/photo-1582719478250-c89cae4dc85b?w=800
102,https://images.unsplash.com/photo-1590490360182-c33d57733427?w=800
103,https://images.unsplash.com/photo-1590490360182-c33d57733427?w=800
103,https://images.unsplash.com/photo-1582719478250-c89cae4dc85b?w=800
103,https://images.unsplash.com/photo-1571003123894-1f0594d2b5d9?w=800
104,https://images.unsplash.com/photo-1571003123894-1f0594d2b5d9?w=800
104,https://images.unsplash.com/photo-1582719478250-c89cae4dc85b?w=800
104,https://images.unsplash.com/photo-1520250497591-112f2f40a3f4?w=800
105,https://images.unsplash.com/photo-1520250497591-112f2f40a3f4?w=800
105,https://images.unsplash.com/photo-1559599101-f09722fb4948?w=800
105,https://images.unsplash.com/photo-1590490360182-c33d57733427?w=800
106,https://images.unsplash.com/photo-1598928506311-c55ded91a20c?w=800
106,https://images.unsplash.com/photo-1582719478250-c89cae4dc85b?w=800
106,https://images.unsplash.com/photo-1445019980597-93fa8acb246c?w=800
107,https://images.unsplash.com/photo-1566665797739-1674de7a421a?w=800
107,https://images.unsplash.com/photo-1582719478250-c89cae4dc85b?w=800
107,https://images.unsplash.com/photo-1445019980597-93fa8acb246c?w=800
108,https://images.unsplash.com/photo-1590490360182-c33d57733427?w=800
108,https://images.unsplash.com/photo-1566665797739-1674de7a421a?w=800
108,https://images.unsplash.com/photo-1582719478250-c89cae4dc85b?w=800
109,https://images.unsplash.com/photo-1611892440504-42a792e24d32?w=800
109,https://images.unsplash.com/photo-1582719478250-c89cae4dc85b?w=800
109,https://images.unsplash.com/photo-1598928506311-c55ded91a20c?w=800
110,https://images.unsplash.com/photo-1566665797739-1674de7a421a?w=800
110,https://images.unsplash.com/photo-1582719478250-c89cae4dc85b?w=800
110,https://images.unsplash.com/photo-1571003123894-1f0594d2b5d9?w=800
111,https://images.unsplash.com/photo-1591088398332-8a7791972843?w=800
111,https://images.unsplash.com/photo-1582719478250-c89cae4dc85b?w=800
111,https://images.unsplash.com/photo-1566665797739-1674de7a421a?w=800
112,https://images.unsplash.com/photo-1587061949409-02df41d5e562?w=800
112,https://images.unsplash.com/photo-1602002418082-a4443e081dd1?w=800
112,https://images.unsplash.com/photo-1582719478250-c89cae4dc85b?w=800
113,https://images.unsplash.com/photo-1602002418082-a4443e081dd1?w=800
113,https://images.unsplash.com/photo-1587061949409-02df41d5e562?w=800
113,https://images.unsplash.com/photo-1540541338287-41700207dee6?w=800
114,https://images.unsplash.com/photo-1587061949409-02df41d5e562?w=800
114,https://images.unsplash.com/photo-1602002418082-a4443e081dd1?w=800
114,https://images.unsplash.com/photo-1578683010236-d716f9a3f461?w=800
